dist_name,dsd_name,bank_name
Ampara,Addalachchenai,Addalachchenai Samurdhi Bank Society
Ampara,Addalachchenai,Oluwil / Palmunei Samurdhi Bank Society
Ampara,Akkaraipattu,Akkaraipaththu East Samurdhi Bank Society
Ampara,Akkaraipattu,Akkaraipaththu West Samurdhi Bank Society
Ampara,Alayadiwembu,Akkaraipaththu 08 Samurdhi Bank Society
Ampara,Alayadiwembu,Pothuwil North Samurdhi bank Society
Ampara,Ampara,Ampara Samurdhi Bank Society
Ampara,Ampara,Namaloya Samurdhi bank Society
Ampara,Irakkamam,Pothuvil South Samurdhi Bank Society
Ampara,Irakkamam,Pothuvil North Samurdhi Bank Society
Ampara,Kalmune Muslim,Thambiliwil Samurdhi Bank Society
Ampara,Kalmune Muslim,Vinayagapuram Samurdhi Bank Socity
Ampara,Kalmune Tamil,Lahugala Samurdhi Bank Society
Ampara,Kalmune Tamil,Panama Samurdhi Bank Society
Ampara,Karativu,Karativu Samurdhi Bank Society
Ampara,Karativu,Kardithottam Samurdhi Bank Society
Ampara,Lahugala,Padagoda Sanasa Bank Society
Ampara,Lahugala,Galkanda Sanasa Bank Society
Ampara,Lahugala,Thottama Sanasa Bank Society
Ampara,Navithanveli,Navithanveli Samurdhi BankSociety
Ampara,Navithanveli,Central Samurdhi Society / Samurdhi Bank Society
Ampara,Ninthavur,Ninthavur North Samurdhi Bank Society
Ampara,Ninthavur,Ninthavur South Samurdhi Bank Society
Ampara,Sainthamarathu,Sainthamarathu Samurdhi Bank Society
Ampara,Samanthurai,Hijra Samurdhi Bank Society
Ampara,Samanthurai,Huda Samurdhi bank Society
Ampara,Samanthurai,Asraj Samurdhi Bank Society
Ampara,Samanthurai,Millenium Samurdhi Bank Society
Anuradhapura,Galenbindunuwewa,21 Janapadaya Samurdhi Bank Society
Anuradhapura,Galenbindunuwewa,Kurulunikawawa Samurdhi Bank Society
Anuradhapura,Galenbindunuwewa,Yakalla Samurdhi Bank Society
Anuradhapura,Galnewa,Nagampaha Samurdhi Bank Society
Anuradhapura,Galnewa,Bulnawa Samurdhi Bank Society
Anuradhapura,Horowpothana,Horowpothana Samurdhi Bank Society	
Anuradhapura,Horowpothana,Kapugollawa Samurdhi Bank Society
Anuradhapura,Horowpothana,Morakawa Samurdhi Bank Society
Anuradhapura,Ipalogama,Ipalaogama Samurdhi Bank Society
Anuradhapura,Ipalogama,Vijithapura Samurdhi Bank Society
Anuradhapura,Ipalogama,Senapuragama Samurdhi Bank Society
Anuradhapura,Kahatagasdigiliya,Kahatagasdigiliya Samurdhi Bank Society
Anuradhapura,Kahatagasdigiliya,Konwawa Samurdhi Bank Society
Anuradhapura,Kahatagasdigiliya,Rampathwila Samurdhi Bank Society
Anuradhapura,Kebithigollewa,Kabithigollawa Samurdhi Bank Society
Anuradhapura,Kekirawa,Olonbawa Samurdhi Bank Society	
Anuradhapura,Kekirawa,Madatugama Samurdhi Bank Society	
Anuradhapura,Kekirawa,Olukarada Samurdhi Bank Society
Anuradhapura,Kekirawa,Ganewalpola Samurdhi Bank Society	
Anuradhapura,Mahavilachchiya,Kudawilachchiya Samurdhi Bank Society
Anuradhapura,Mahavilachchiya,Mahawilachchiya Samurdhi Bank Society
Anuradhapura,Medawachchiya,Poonawa Samurdhi Bank Society
Anuradhapura,Medawachchiya,Madawachchiya Samurdhi Bank Society
Anuradhapura,Medawachchiya,Athakada Samurdhi Bank Society
Anuradhapura,Mihinthale,Mininthale East Samurdhi Bank Society
Anuradhapura,Mihinthale,Mihinthale West Samurdhi Bank Society
Anuradhapura,Nachchadoowa,Hidegama Samurdhi Bank Society
Anuradhapura,Nochchiyagama,Nochchiyagama Samurdhi Bank Society
Anuradhapura,Nochchiyagama,Dobawalagama Samurdhi Bank Society
Anuradhapura,Nochchiyagama,Lindawawa Samurdhi Bank Society
Anuradhapura,Nuwaragam Palatha Central,Wiharakallinchiya Samurdhi Bank Society
Anuradhapura,Nuwaragam Palatha Central,Saliyapura Samurdhi Bank Society
Anuradhapura,Nuwaragam Palatha Central,Alayapaththuwa Samurdhi Bank Society
Anuradhapura,Nuwaragam Palatha East,Anuradhapura Samurdhi Bank Society	
Anuradhapura,Nuwaragam Palatha East,Kawarakkulama Samurdhi Bank Society
Anuradhapura,Padaviya,Padawiya Samurdhi Bank Society
Anuradhapura,Palagala,Galkiriyawa Samurdhi Bank Society
Anuradhapura,Palagala,Adiyagala Samurdhi Bank Society
Anuradhapura,Palagala,Palagala Samurdhi Bank Society
Anuradhapura,Palugaswewa,Palugaswawa Samurdhi Bank Society	
Anuradhapura,Rajanganaya,Rajanganaya Samurdhi Bank Society	
Anuradhapura,Rajanganaya,Siyabalangamuwa Samurdhi Bank Society
Anuradhapura,Rambewa,Kadawatha Samurdhi Bank Society
Anuradhapura,Rambewa,Kallanwiya Samurdhi Bank Society
Anuradhapura,Rambewa,Rabawa Samurdhi Bank Society	
Anuradhapura,Thalawa,Kadigawa Samurdhi Bank Society	
Anuradhapura,Thalawa,Thalawa Samurdhi Bank Society
Anuradhapura,Thalawa,Sandarasgama Samurdhi Bank Society
Anuradhapura,Thambuttegama,Hurigaswawa Samurdhi Bank Society
Anuradhapura,Thambuttegama,Thabuththegama Samurdhi Bank Society
Anuradhapura,Thirappane,Nirawiya / Pairamadu Samurdhi Bank Society
Anuradhapura,Thirappane,Ritigala Samurdhi Bank Society
Anuradhapura,Thirappane,Thirappane Samurdhi Bank Society
Anuradhapura,Welioya,Walioya Samurdhi Bank Society
Badulla,Badulla,Badulla  Samurdhi Bank Society
Badulla,Badulla,Kandagolla Samurdhi Bank Society
Badulla,Bandarawela,Bandarawela Samurdhi Bank Society
Badulla,Bandarawela,Wawathannna Samurdhi Bank Society	
Badulla,Bandarawela,Dulgolla Samurdhi Bank Society
Badulla,Ella,Balallakotuwa Samurdhi Bank Society
Badulla,Ella,Ella Samurdhi Bank Society
Badulla,Ella,Halpe Samurdhi Bank Society
Badulla,Haldummulla,Haldummulla Samurdhi Bank Society
Badulla,Haldummulla,Beragala Samurdhi Bank Society
Badulla,Haldummulla,Diyaluma Samurdhi Bank Society
Badulla,Hali-Ela,Haliela Samurdhi Bank Society
Badulla,Hali-Ela,Katawala Samurdhi Bank Society
Badulla,Hali-Ela,Perahattiya Samurdhi Bank Society
Badulla,Hali-Ela,Atampitiya Samurdhi Bank Society
Badulla,Haputale,Haputhale Samurdhi Bank Society
Badulla,Haputale,Diyathalawa Samurdhi Bank Society
Badulla,Kandaketiya,Kandakatiya Samurdhi Bank Society
Badulla,Kandaketiya,Galauda Samurdhi Bank Society
Badulla,Lunugala,Madolsima Samurdhi Bank Society
Badulla,Lunugala,Lunugala Samurdhi Bank Society
Badulla,Mahiyanganaya,Mahiyanganaya Samurdhi Bank Society
Badulla,Mahiyanganaya,Giradurukotte Samurdhi Bank Society
Badulla,Mahiyanganaya,Dabana Samurdhi Bank Society
Badulla,Meegahakivula,Meegahakiwla Samurdhi Bank Society
Badulla,Meegahakivula,Pitamaruwa Samurdhi Bank Society
Badulla,Passara,Passara Samurdhi Bank Society
Badulla,Passara,Gonagala Samurdhi Bank Society
Badulla,Passara,Kahataruppa Samurdhi Bank Society	
Badulla,Rideemaliyadda,Gamunupura Samurdhi Bank Society
Badulla,Rideemaliyadda,Ridimaliyadda Samurdhi Bank Society	
Badulla,Rideemaliyadda,Kuruwithanna Samurdhi Bank Society	
Badulla,Soranathota,Ridipana Samurdhi Bank Society
Badulla,Soranathota,Pussallakanda Samurdhi Bank Society
Badulla,Uva-Paranagama,Maspanna Samurdhi Bank Society
Badulla,Uva-Paranagama,Pallewela Samurdhi Bank Society
Badulla,Uva-Paranagama,Abagasdowa Samurdhi Bank Society
Badulla,Uva-Paranagama,Kotawehera Samurdhi Bank Society
Badulla,Uva-Paranagama,Wahagamuwa Samurdhi Bank Society	
Badulla,Welimada,Walimada Samurdhi Bank Society
Badulla,Welimada,Kappetipola Samurdhi Bank Society
Badulla,Welimada,Bogahakumbura Samurdhi Bank Society
Badulla,Welimada,Boralanda Samurdhi Bank Society
Badulla,Welimada,Meeragahawaththa Samurdhi Bank Society
Batticaloa,Eravur Town,Eravur Central Samurdhi Bank Society
Batticaloa,Eravur Town,Eravur City Samurdhi Bank Society
Batticaloa,Kattankudy,Kaththankudy Samurdhi bank Society
Batticaloa,Kattankudy,New Kaththankudy Samurdhi BankSociety
Batticaloa,Koralai Pattu (Valachchenai),Valachchenai Samurdhi Bank Society
Batticaloa,Koralai Pattu West (Oddamavadi),Oddamawadi West Samurdhi Bank Society
Batticaloa,Manmunai North,Kalladi Samurdhi Bank Society
Batticaloa,Manmunai North,Eruthayapuram Samurdhi Bank Society
Batticaloa,Manmunai North,Eruthayapuram East Samurdhi Bank Society
Batticaloa,Manmunai North,Puliyanthiw Samurdhi Bank Society
Colombo,Colombo,Mada Colombo Samurdhi Bank Society
Colombo,Colombo,Colombo North Samurdhi Bank Society
Colombo,Dehiwala-Mount Lavinia,Dehiwala Samurdhi Bank Society
Colombo,Hanwella,Hanwella Samurdhi Bank Society
Colombo,Hanwella,Kosgama Samurdhi Bank Society
Colombo,Hanwella,Awissawella Samurdhi Bank Society
Colombo,Hanwella,Kaluaggala Samurdhi Bank Society
Colombo,Hanwella,Welikanna Samurdhi Bank Society
Colombo,Homagama,Meegoda Samurdhi Bank Society	
Colombo,Homagama,Homagama Samurdhi Bank Society
Colombo,Homagama,Pitipana Samurdhi Bank Society
Colombo,Homagama,Maththegoda Samurdhi Bank Society	
Colombo,Homagama,Polgasowita Samurdhi Bank Society
Colombo,Kaduwela,Bomriya 	Samurdhi Bank Society
Colombo,Kaduwela,Malabe Samurdhi Bank Society	
Colombo,Kaduwela,Athurugiriya Samurdhi Bank Society
Colombo,Kaduwela,Baththaramulla Samurdhi Bank Society
Colombo,Kesbewa,Boralasgamuwa Samurdhi Bank Society
Colombo,Kesbewa,Piliyandala Samurdhi Bank Society
Colombo,Kesbewa,Madapatha Samurdhi Bank Society
Colombo,Kolonnawa,Mulleriyawa Samurdhi Bank Society	
Colombo,Kolonnawa,Gothatuwa Samurdhi Bank Society
Colombo,Kolonnawa,Kotuwila Samurdhi Bank Society
Colombo,Kolonnawa,Kolonnawa Samurdhi Bank Society
Colombo,Maharagama,Maharagama City Samurdhi Bank Society
Colombo,Maharagama,Maharagama North Samurdhi Bank Society
Colombo,Maharagama,Kottawa Samurdhi Bank Society
Colombo,Moratuwa,Moratuwa South Samurdhi Bank Society
Colombo,Moratuwa,Moratuwa North Samurdhi Bank Society
Colombo,Padukka,Padukka Samurdhi Bank Society
Colombo,Padukka,Pitumpe Samurdhi Bank Society
Colombo,Padukka,Liyanwala Samurdhi Bank Society
Colombo,Padukka,Thummodara Samurdhi Bank Society
Colombo,Ratmalana,Rathmalana Samurdhi Bank Society
Colombo,Sri Jayawardanapura Kotte,Sri jayawardanapura - North - Samurdhi Bank Society
Colombo,Sri Jayawardanapura Kotte,Sri jayawardanapura - South - Samurdhi Bank Society
Colombo,Thimbirigasyaya,Borella Samurdhi Bank Society
Colombo,Thimbirigasyaya,Colombo South -  Samurdhi Bank Society
Galle,Akmeemana,Hiyare Samurdhi Bank Society
Galle,Akmeemana,Pilana Samurdhi Bank Society
Galle,Akmeemana,Mataramba Samurdhi Bank Society
Galle,Akmeemana,Niyagama Samurdhi Bank Society
Galle,Akmeemana,Walahanduwa Samurdhi Bank Society
Galle,Ambalangoda,Hiyare Samurdhi Bank Society
Galle,Ambalangoda,Pilana Samurdhi Bank Society
Galle,Ambalangoda,Wataraba Samurdhi Bank Society
Galle,Ambalangoda,Niyagama Samurdhi Bank Society
Galle,Ambalangoda,Walahanduwa Samurdhi Bank Society
Galle,Baddegama,Baddegama Samurdhi Bank Society
Galle,Baddegama,Ellakanda Samurdhi Bank Society
Galle,Baddegama,Andurathwila Samurdhi Bank Society
Galle,Baddegama,Wanduraba Samurdhi Bank Society
Galle,Baddegama,Ginimallagaha Samurdhi Bank Society	
Galle,Balapitiya,Kosgoda Samurdhi Bank Society
Galle,Balapitiya,Ahungalla Samurdhi Bank Society
Galle,Balapitiya,Balapitiya Samurdhi Bank Society
Galle,Balapitiya,Wathugedara Samurdhi Bank Society
Galle,Benthota,Benthota Samurdhi Bank Society
Galle,Benthota,Miriswaththa Samurdhi Bank Society
Galle,Benthota,Kaikawala Samurdhi Bank Society
Galle,Benthota,Ranthotuwila Samurdhi Bank Society	
Galle,Bope-Poddala,Labuduwa Samurdhi Bank Society
Galle,Bope-Poddala,Hapugala Samurdhi Bank Society	
Galle,Bope-Poddala,Bope Poddala Samurdhi Bank Society
Galle,Elpitiya,Elpitiya Samurdhi Bank Society
Galle,Elpitiya,Ranegoda Samurdhi Bank Society
Galle,Elpitiya,Amugoda Samurdhi Bank Society
Galle,Elpitiya,Pinikahana Samurdhi Bank Society
Galle,Galle Four Gravets,Dadalla Samurdhi Bank Society
Galle,Galle Four Gravets,Walauwaththa Samurdhi Bank Society	
Galle,Galle Four Gravets,Dangedara Samurdhi Bank Society
Galle,Galle Four Gravets,Pettigalawaththa Samurdhi Bank Society
Galle,Habaraduwa,Koggala Samurdhi Bank Society
Galle,Habaraduwa,Wallethota Samurdhi Bank Society
Galle,Habaraduwa,Ahangama Samurdhi Bank Society
Galle,Habaraduwa,Unawatuna Samurdhi Bank Society
Galle,Habaraduwa,Hawpe Samurdhi Bank Society
Galle,Habaraduwa,Imaduwa Samurdhi Bank Society
Galle,Habaraduwa,Ayojanagama Samurdhi Bank Society
Galle,Hikkaduwa,Boossa Samurdhi Bank Society
Galle,Hikkaduwa,Rathgama Samurdhi Bank Society
Galle,Hikkaduwa,Pinkanda Samurdhi Bank Society
Galle,Hikkaduwa,Narigama Samurdhi Bank Society
Galle,Hikkaduwa,Hikkaduwa Samurdhi Bank Society
Galle,Hikkaduwa,Godagama Samurdhi Bank Society
Galle,Hikkaduwa,Urawaththa Samurdhi Bank Society	
Galle,Karandeniya,Uragasmanhandiya Samurdhi Bank Society
Galle,Karandeniya,Mahaedanda Samurdhi Bank Society	
Galle,Karandeniya,Karandeniya Samurdhi Bank Society
Galle,Nagoda,Mapalagama Samurdhi Bank Society
Galle,Nagoda,Nagoda Samurdhi Bank Society
Galle,Nagoda,Yatalapaththa Samurdhi Bank Society	
Galle,Nagoda,Udugama Samurdhi Bank Society
Galle,Neluwa,Neluwa Samurdhi Bank Society
Galle,Neluwa,Batuwangala Samurdhi Bank Society
Galle,Neluwa,Dellawa Samurdhi Bank Society
Galle,Niyagama,Niyagama Samurdhi Bank Society
Galle,Niyagama,Maththaka Samurdhi Bank Society
Galle,Niyagama,Pitigala Samurdhi Bank Society
Galle,Thawalama,Opatha Samurdhi Bank Society
Galle,Thawalama,Thawalama Samurdhi Bank Society
Galle,Thawalama,Hiniduma Samurdhi Bank Society
Galle,Welivitiya-Divithura,Waliwitiya Samurdhi Bank Society
Galle,Welivitiya-Divithura,Athkandura Samurdhi Bank Society
Galle,Yakkalamulla,Polpagoda Samurdhi Bank Society
Galle,Yakkalamulla,Magedara Samurdhi Bank Society	
Galle,Yakkalamulla,Thellambura Samurdhi Bank Society
Gampaha,Attanagalla,Weeragula Samurdhi Bank Society
Gampaha,Attanagalla,Kalotuwawa Samurdhi Bank Society
Gampaha,Attanagalla,Bemmulla Samurdhi Bank Society
Gampaha,Attanagalla,Weyangoda Samurdhi Bank Society
Gampaha,Attanagalla,Kolawaththa Samurdhi Bank Society	
Gampaha,Attanagalla,Nittabuwa Samurdhi Bank Society
Gampaha,Attanagalla,Ranpokunagama Samurdhi Bank Society
Gampaha,Attanagalla,Urapola Samurdhi Bank Society
Gampaha,Attanagalla,Ellakkala Samurdhi Bank Society	
Gampaha,Attanagalla,Ruwanpura Samurdhi Bank Society
Gampaha,Biyagama,Gonawala Samurdhi Bank Society
Gampaha,Biyagama,Biyagama Samurdhi Bank Society
Gampaha,Biyagama,Makola Samurdhi Bank Society
Gampaha,Biyagama,Delgoda Samurdhi Bank Society
Gampaha,Divulapitiya,Yatigaha Samurdhi Bank Society
Gampaha,Divulapitiya,Walpita Samurdhi Bank Society
Gampaha,Divulapitiya,Kotadeniyawa Samurdhi Bank Society	
Gampaha,Divulapitiya,Badalgama Samurdhi Bank Society
Gampaha,Divulapitiya,Welagana Samurdhi Bank Society
Gampaha,Divulapitiya,Kogodamulla Samurdhi Bank Society	
Gampaha,Divulapitiya,Diwlapitiya Samurdhi Bank Society
Gampaha,Divulapitiya,Dunugaha Samurdhi Bank Society
Gampaha,Divulapitiya,Katuwallegama Samurdhi Bank Society
Gampaha,Dompe,Kirindiwala Samurdhi Bank Society
Gampaha,Dompe,Mahalloluwa Samurdhi Bank Society
Gampaha,Dompe,Ginihigama Samurdhi Bank Society
Gampaha,Dompe,Nadungolla Samurdhi Bank Society
Gampaha,Dompe,Dodangolla Samurdhi Bank Society
Gampaha,Dompe,Putupagala Samurdhi Bank Society
Gampaha,Dompe,Malida Samurdhi Bank Society
Gampaha,Dompe,Dompe Samurdhi Bank Society
Gampaha,Dompe,Samanabadda Samurdhi Bank Society
Gampaha,Gampaha,Ganemulla Samurdhi Bank Society
Gampaha,Gampaha,Kirindiwita Samurdhi Bank Society
Gampaha,Gampaha,Yakkala Samurdhi Bank Society
Gampaha,Gampaha,Aluthbogamuwa Samurdhi Bank Society
Gampaha,Gampaha,Henarathgoda Samurdhi Bank Society
Gampaha,Gampaha,Amunugama Samurdhi Bank Society
Gampaha,Gampaha,Waliweriya Samurdhi Bank Society
Gampaha,Ja-Ela,Ja-ela Samurdhi Bank Society
Gampaha,Ja-Ela,Kandana Samurdhi Bank Society
Gampaha,Ja-Ela,Dandugamperawa Samurdhi Bank Society
Gampaha,Ja-Ela,Batuwaththa Samurdhi Bank Society	
Gampaha,Ja-Ela,Ragama Samurdhi Bank Society
Gampaha,Katana,Athgala Samurdhi Bank Society
Gampaha,Katana,Adi Ambalama Samurdhi Bank Society
Gampaha,Katana,Demahanhandiya Samurdhi Bank Society
Gampaha,Katana,Seeduwa Samurdhi Bank Society
Gampaha,Katana,Raddoluwa Samurdhi Bank Society
Gampaha,Katana,Kotugoda Samurdhi Bank Society
Gampaha,Kelaniya,Kiribathgoda Samurdhi Bank Society	
Gampaha,Kelaniya,Hunupitiya Samurdhi Bank Society
Gampaha,Kelaniya,Kalaniya Samurdhi Bank Society
Gampaha,Mahara,Mahara Samurdhi Bank Society
Gampaha,Mahara,Kadawatha Samurdhi Bank Society	
Gampaha,Mahara,Henegama Samurdhi Bank Society
Gampaha,Mahara,Maligathanna Samurdhi Bank Society	
Gampaha,Mahara,Rammuthugala Samurdhi Bank Society
Gampaha,Mahara,Malwathuhiripitiya Samurdhi Bank Society
Gampaha,Mahara,Udupila Samurdhi Bank Society
Gampaha,Minuwangoda,Naiwala Samurdhi Bank Society
Gampaha,Minuwangoda,Dewalapola Samurdhi Bank Society
Gampaha,Minuwangoda,Korasa Samurdhi Bank Society
Gampaha,Minuwangoda,Yagodamulla Samurdhi Bank Society
Gampaha,Minuwangoda,Udugampola Samurdhi Bank Society	
Gampaha,Minuwangoda,Minuwangoda Samurdhi Bank Society	
Gampaha,Minuwangoda,Horampalla Samurdhi Bank Society
Gampaha,Minuwangoda,Uggalbada Samurdhi Bank Society
Gampaha,Minuwangoda,Nadagamuwa Samurdhi Bank Society
Gampaha,Mirigama,Kandalama Samurdhi Bank Society
Gampaha,Mirigama,Keenadeniya Samurdhi Bank Society	
Gampaha,Mirigama,Meerigama Samurdhi Bank Society
Gampaha,Mirigama,Wewaldeniya Samurdhi Bank Society	
Gampaha,Mirigama,Idirape Samurdhi Bank Society
Gampaha,Mirigama,Pallewela Samurdhi Bank Society
Gampaha,Mirigama,Baduragoda Samurdhi Bank Society
Gampaha,Mirigama,Nungamuwa Samurdhi Bank Society		
Gampaha,Mirigama,Pasyala Samurdhi Bank Society
Gampaha,Mirigama,Katakalapitiya Samurdhi Bank Society	
Gampaha,Negombo,Pitipana Samurdhi Bank Society
Gampaha,Negombo,Negombo Samurdhi Bank Society	
Gampaha,Negombo,Palangathura Samurdhi Bank Society
Gampaha,Wattala,Pamunugama Samurdhi Bank Society
Gampaha,Wattala,Handala Samurdhi Bank Society
Gampaha,Wattala,Waththala Samurdhi Bank Society
Gampaha,Wattala,Walisara Samurdhi Bank Society
Hambantota,Angunakolapelessa,Thalawa Samurdhi Bank Society
Hambantota,Angunakolapelessa,Angunukolapalassa Samurdhi Bank Society
Hambantota,Angunakolapelessa,Hakuruwela Samurdhi Bank Society
Hambantota,Angunakolapelessa,Udayala Samurdhi Bank Society
Hambantota,Beliatta,Beligalla Samurdhi Bank Society
Hambantota,Beliatta,Nihiluwa Samurdhi Bank Society
Hambantota,Beliatta,Beliaththa Samurdhi Bank Society
Hambantota,Beliatta,Galagama Samurdhi Bank Society
Hambantota,Beliatta,Gatamanna Samurdhi Bank Society
Hambantota,Hambantota,Mirijjawila Samurdhi Bank Society
Hambantota,Hambantota,Pallemalala Samurdhi Bank Society
Hambantota,Hambantota,Hungama Samurdhi Bank Society
Hambantota,Hambantota,Nonagama Samurdhi Bank Society
Hambantota,Hambantota,Bolana Samurdhi Bank Society
Hambantota,Hambantota,Mamadala Samurdhi Bank Society
Hambantota,Katuwana,Middeniya Samurdhi Bank Society
Hambantota,Katuwana,Walipitiya Samurdhi Bank Society
Hambantota,Katuwana,Katuwana Samurdhi Bank Society
Hambantota,Katuwana,Madakanda Samurdhi Bank Society
Hambantota,Lunugamvehera,Devramwehera Samurdhi Bank Society
Hambantota,Lunugamvehera,Weerawila Samurdhi Bank Society
Hambantota,Lunugamvehera,Beralihela Samurdhi Bank Society
Hambantota,Okewela,Okewela Samurdhi Bank Society
Hambantota,Okewela,Kanumuldeniya Samurdhi Bank Society
Hambantota,Sooriyawewa,Suriyawawa City Samurdhi Bank Society
Hambantota,Sooriyawewa,Wiharagala Samurdhi Bank Society
Hambantota,Tangalle,Witharandeniya Samurdhi Bank Society
Hambantota,Tangalle,Thangalle Samurdhi Bank Society
Hambantota,Tangalle,Ranna Samurdhi Bank Society
Hambantota,Tangalle,Thotolpitiya Samurdhi Bank Society
Hambantota,Tangalle,Nakulugamuwa Samurdhi Bank Society
Hambantota,Thissamaharama,Uduwila Samurdhi Bank Society
Hambantota,Thissamaharama,Thissamaharamaya Samurdhi Bank Society
Hambantota,Thissamaharama,Pannegamuwa Samurdhi Bank Society
Hambantota,Walasmulla,Horewela Samurdhi Bank Society
Hambantota,Walasmulla,Warapitiya Samurdhi Bank Society
Hambantota,Weeraketiya,Kappetiyawa Samurdhi Bank Society	
Hambantota,Weeraketiya,Gonadeniya Samurdhi Bank Society
Hambantota,Weeraketiya,Weeraketiya Samurdhi Bank Society
Hambantota,Weeraketiya,Jumpitiya Samurdhi Bank Society
Hambantota,Weeraketiya,Madamulana Samurdhi Bank Society
Jaffna,Island North (Kayts),Kaites Samurdhi Bank Society
Jaffna,Jaffna,Jaffna west Samurdhi Bank Society
Jaffna,Jaffna,Jaffna East Samurdhi Bank Society
Jaffna,Jaffna,Delf Samurdhi Bank Society	
Jaffna,Nallur,Kalaviyankadu Samurdhi Bank Society
Jaffna,Nallur,Kendawil Samurdhi Bank Society
Jaffna,Nallur,Thirunelwili Samurdhi Bank Society
Jaffna,Thenmaradchi (Chavakachcheri),Kaidadi Samurdhi Bank Society
Jaffna,Thenmaradchi (Chavakachcheri),Kodikamam Samurdhi Bank Society
Jaffna,Thenmaradchi (Chavakachcheri),Warani Samurdhi Bank Society
Jaffna,Thenmaradchi (Chavakachcheri),Chawacachcheri Samurdhi Bank Society
Jaffna,Vadamaradchi East (Maruthnkerny),Ampan Samurdhi Bank Society
Jaffna,Vadamaradchi North (Point Pedro),Walwatithurei Samurdhi Bank Society	
Jaffna,Vadamaradchi North (Point Pedro),Point Peduru Samurdhi Bank Society
Jaffna,Vadamaradchi South-West (Karaveddy),Nelliyadi Samurdhi Bank Society
Jaffna,Vadamaradchi South-West (Karaveddy),Udupitti Samurdhi Bank Society
Jaffna,Vadamaradchi South-West (Karaveddy),Thunthale Samurdhi Bank Society
Jaffna,Valikamam East (Kopay),Kopai Samurdhi Bank Society
Jaffna,Valikamam East (Kopay),Achchuweli Samurdhi Bank Society
Jaffna,Valikamam North (Tellipallai),Mallagam Samurdhi Bank Society
Jaffna,Valikamam North (Tellipallai),Alaweddi Samurdhi Bank Society
Jaffna,Valikamam South (Uduvil),Chunnagam Samurdhi Bank Society
Jaffna,Valikamam South (Uduvil),Inuwil Samurdhi Bank Society
Jaffna,Valikamam South-West (Sandilipay),Manippaya Samurdhi Bank Society	
Jaffna,Valikamam South-West (Sandilipay),Pandatharippu Samurdhi Bank Society
Kalutara,Agalawatta,Agalawaththa Samurdhi Bank Society
Kalutara,Agalawatta,Yattana Samurdhi Bank Society
Kalutara,Agalawatta,Polgampala Samurdhi Bank Society
Kalutara,Bandaragama,Kidelpitiya Samurdhi Bank Society
Kalutara,Bandaragama,Alubomulla Samurdhi Bank Society
Kalutara,Bandaragama,Raigama Samurdhi Bank Society
Kalutara,Bandaragama,Bandaragama Samurdhi Bank Society	
Kalutara,Beruwala,Payagala Samurdhi Bank Society
Kalutara,Beruwala,Maggona Samurdhi Bank Society
Kalutara,Beruwala,Abepitiya Samurdhi Bank Society
Kalutara,Beruwala,Beruwala Samurdhi Bank Society
Kalutara,Beruwala,Padagoda Samurdhi Bank Society
Kalutara,Beruwala,Darga Nagaraya Samurdhi Bank Society
Kalutara,Bulathsinhala,Govinna Samurdhi Bank Society
Kalutara,Bulathsinhala,Agaloya Samurdhi Bank Society	
Kalutara,Bulathsinhala,Bulathsinhala Samurdhi Bank Society
Kalutara,Bulathsinhala,Mahagama Samurdhi Bank Society
Kalutara,Dodangoda,Ingiriya Samurdhi Bank Society
Kalutara,Dodangoda,Handapangoda Samurdhi Bank Society
Kalutara,Dodangoda,Poruwadanda Samurdhi Bank Society
Kalutara,Horana,Genapa Samurdhi Bank Society
Kalutara,Horana,Pokunuwita Samurdhi Bank Society
Kalutara,Horana,Horana Samurdhi Bank Society
Kalutara,Horana,Millawa Samurdhi Bank Society
Kalutara,Horana,Gurugoda Samurdhi Bank Society
Kalutara,Kalutara,Moronthuduwa Samurdhi Bank Society
Kalutara,Kalutara,Delduwa Samurdhi Bank Society	
Kalutara,Kalutara,Kaluthara Samurdhi Bank Society
Kalutara,Kalutara,Palathota Samurdhi Bank Society	
Kalutara,Kalutara,Nagoda Samurdhi Bank Society
Kalutara,Kalutara,Jawaththa Samurdhi Bank Society
Kalutara,Madurawela,Madurawala Samurdhi Bank Society
Kalutara,Madurawela,Ballapitiya Samurdhi Bank Society	
Kalutara,Madurawela,Warakagoda Samurdhi Bank Society
Kalutara,Mathugama,Galmaththa Samurdhi Bank Society
Kalutara,Mathugama,Horawala Samurdhi Bank Society
Kalutara,Mathugama,Yatadolawaththa Samurdhi Bank Society
Kalutara,Mathugama,Mathugama Samurdhi Bank Society
Kalutara,Millaniya,Galapatha Samurdhi Bank Society
Kalutara,Millaniya,Millaniya Samurdhi Bank Society
Kalutara,Millaniya,Halthota Samurdhi Bank Society
Kalutara,Palindanuwara,Baduraliya Samurdhi Bank Society
Kalutara,Palindanuwara,Morapitiya Samurdhi Bank Society
Kalutara,Palindanuwara,Palada Samurdhi Bank Society
Kalutara,Panadura,Keselwaththa Samurdhi Bank Society	
Kalutara,Panadura,Thanthirimulla Samurdhi Bank Society	
Kalutara,Panadura,Panadura City Samurdhi Bank Society
Kalutara,Panadura,Medaraw Samurdhi Bank Society
Kalutara,Panadura,Wadduwa Samurdhi Bank Society
Kalutara,Walallavita,Iththapana Samurdhi Bank Society
Kalutara,Walallavita,Walallawita Samurdhi Bank Society
Kalutara,Walallavita,Meegahathanna Samurdhi Bank Society
Kalutara,Walallavita,Palawaththa Samurdhi Bank Society	
Kandy,Akurana,Dodangolla Samurdhi Bank Society
Kandy,Akurana,Dunuwila Samurdhi Bank Society
Kandy,Akurana,Alawathugoda Samurdhi Bank Society	
Kandy,Delthota,Galaha Samurdhi Bank Society
Kandy,Delthota,Nawanaliya Samurdhi Bank Society
Kandy,Delthota,Delthota Samurdhi Bank Society
Kandy,Doluwa,Doluwa Samurdhi Bank Society
Kandy,Doluwa,Naranwita Samurdhi Bank Society	
Kandy,Doluwa,Panwilathanna Samurdhi Bank Society
Kandy,Ganga Ihala Korale,Rakshawa Samurdhi Bank Society
Kandy,Ganga Ihala Korale,Malawaththagama Samurdhi Bank Society
Kandy,Ganga Ihala Korale,Athgala Samurdhi Bank Society
Kandy,Gangawata Korale,Mapanawathura Samurdhi Bank Society
Kandy,Gangawata Korale,Mulgampola Samurdhi Bank Society
Kandy,Gangawata Korale,Gatabe Samurdhi Bank Society
Kandy,Harispattuwa,Nugawela Samurdhi Bank Society
Kandy,Harispattuwa,Senarathgama Samurdhi Bank Society
Kandy,Harispattuwa,Uduwawala Samurdhi Bank Society
Kandy,Harispattuwa,Barigama Samurdhi Bank Society
Kandy,Harispattuwa,Warathanna Samurdhi Bank Society
Kandy,Harispattuwa,Madawala Samurdhi Bank Society
Kandy,Hatharaliyadda,Hatharaliyadda Samurdhi Bank Society
Kandy,Hatharaliyadda,Rangamuwa Samurdhi Bank Society	
Kandy,Hatharaliyadda,Sangarajapura Samurdhi Bank Society
Kandy,Hatharaliyadda,Aludeniya Samurdhi Bank Society
Kandy,Kundasale,Mankhinna Samurdhi Bank Society
Kandy,Kundasale,Amunugama Samurdhi Bank Society
Kandy,Kundasale,Digana Samurdhi Bank Society
Kandy,Kundasale,Mahawaththa Samurdhi Bank Society
Kandy,Kundasale,Kengalla Samurdhi Bank Society
Kandy,Kundasale,Wachinna Samurdhi Bank Society
Kandy,Medadumbara,Theldeniya Samurdhi Bank Society
Kandy,Medadumbara,Putuhapuwa Samurdhi Bank Society
Kandy,Medadumbara,Udaspaththuwa Samurdhi Bank Society
Kandy,Medadumbara,Mada Mahanuwara Samurdhi Bank Society
Kandy,Medadumbara,Rangala Samurdhi Bank Society
Kandy,Medadumbara,Senarathwela Samurdhi Bank Society
Kandy,Medadumbara,Ambala Samurdhi Bank Society
Kandy,Minipe,Kolonyaya Samurdhi Bank Society
Kandy,Minipe,Ulpathagama Samurdhi Bank Society
Kandy,Minipe,Hasalaka Samurdhi Bank Society
Kandy,Minipe,Morayaya Samurdhi Bank Society
Kandy,Panvila,Panwila Samurdhi Bank Society
Kandy,Pasbage Korale,Bawwagama Samurdhi Bank Society
Kandy,Pasbage Korale,Nawalapitiya Samurdhi Bank Society
Kandy,Pathadumbara,Polgolla Samurdhi Bank Society
Kandy,Pathadumbara,Thalawinna Samurdhi Bank Society
Kandy,Pathadumbara,Waththegama Samurdhi Bank Society	
Kandy,Pathadumbara,Ududumbara Samurdhi Bank Society
Kandy,Pathahewaheta,Wahigaldeniya Samurdhi Bank Society
Kandy,Pathahewaheta,Thalathuoya Samurdhi Bank Society
Kandy,Pathahewaheta,Bolape Samurdhi Bank Society
Kandy,Pathahewaheta,Marassana Samurdhi Bank Society
Kandy,Pathahewaheta,Mailapitiya Samurdhi Bank Society
Kandy,Poojapitiya,Bokkawala Samurdhi Bank Society
Kandy,Poojapitiya,Poojapitiya Samurdhi Bank Society
Kandy,Poojapitiya,Dolapihilla Samurdhi Bank Society
Kandy,Poojapitiya,Ankumbura Samurdhi Bank Society
Kandy,Poojapitiya,Mullegama Samurdhi Bank Society
Kandy,Thumpane,Madawala Samurdhi Bank Society
Kandy,Thumpane,Waththawa Samurdhi Bank Society
Kandy,Thumpane,Moronthuduwa Samurdhi Bank Society
Kandy,Thumpane,Galagedara Samurdhi Bank Society
Kandy,Thumpane,Niyangoda Samurdhi Bank Society
Kandy,Udadumbara,Hunnasgiriya Samurdhi Bank Society
Kandy,Udadumbara,Ududumbara Samurdhi Bank Society	
Kandy,Udadumbara,Kalunthanna Samurdhi Bank Society
Kandy,Udadumbara,Meemure Samurdhi Bank Society
Kandy,Udapalatha,Galgediyawa Samurdhi Bank Society
Kandy,Udapalatha,Dalpitiya Samurdhi Bank Society
Kandy,Udapalatha,Gampola Samurdhi Bank Society
Kandy,Udunuwara,Gadaladeniya Samurdhi Bank Society	
Kandy,Udunuwara,Daulagala Samurdhi Bank Society
Kandy,Udunuwara,Bambaradeniya Samurdhi Bank Society
Kandy,Udunuwara,Imbuldeniya Samurdhi Bank Society
Kandy,Udunuwara,Haapana Samurdhi Bank Society
Kandy,Udunuwara,Nikahatiya Samurdhi Bank Society
Kandy,Udunuwara,Gelioya Samurdhi Bank Society
Kandy,Udunuwara,Wiga Samurdhi Bank Society
Kandy,Udunuwara,Ganhatha Samurdhi Bank Society
Kandy,Udunuwara,Kalugala Samurdhi Bank Society
Kandy,Yatinuwara,Giragama Samurdhi Bank Society
Kandy,Yatinuwara,Poththapitiya Samurdhi Bank Society	
Kandy,Yatinuwara,Amunupura Samurdhi Bank Society	
Kandy,Yatinuwara,Gannoruwa Samurdhi Bank Society	
Kandy,Yatinuwara,Danthure Samurdhi Bank Society
Kandy,Yatinuwara,Pilimathalawa Samurdhi Bank Society	
Kandy,Yatinuwara,Sooriyagoda Samurdhi Bank Society
Kegalle,Aranayaka,Uduwewela Samurdhi Bank Society
Kegalle,Aranayaka,Ussapitiya Samurdhi Bank Society
Kegalle,Aranayaka,Hakurugammana Samurdhi Bank Society
Kegalle,Aranayaka,Hathgampala Samurdhi Bank Society
Kegalle,Aranayaka,Aranayake Samurdhi Bank Society
Kegalle,Bulathkohupitiya,Kandawa Samurdhi Bank Society
Kegalle,Bulathkohupitiya,Gatiyamulla Samurdhi Bank Society
Kegalle,Bulathkohupitiya,Bulathkohupitiya Samurdhi Bank Society
Kegalle,Dehiovita,Panawala Samurdhi Bank Society
Kegalle,Dehiovita,Bomaluwa Samurdhi Bank Society
Kegalle,Dehiovita,Atalugamwela Samurdhi Bank Society	
Kegalle,Deraniyagala,Daraniyagala Samurdhi Bank Society
Kegalle,Deraniyagala,Malimboda Samurdhi Bank Society
Kegalle,Galigamuwa,Dewalegama Samurdhi Bank Society
Kegalle,Galigamuwa,Pideniya Samurdhi Bank Society
Kegalle,Galigamuwa,Udugama Samurdhi Bank Society
Kegalle,Galigamuwa,Galigamuwa Samurdhi Bank Society
Kegalle,Kegalle,Kegalle Samurdhi Bank Society
Kegalle,Kegalle,Mabopitiya Samurdhi Bank Society
Kegalle,Kegalle,Mapitiya Samurdhi Bank Society
Kegalle,Kegalle,Minuwangamuwa Samurdhi Bank Society
Kegalle,Kegalle,Wathuwa Samurdhi Bank Society
Kegalle,Mawanella,Mawanella Samurdhi Bank Society
Kegalle,Mawanella,Randiwela Samurdhi Bank Society
Kegalle,Mawanella,Ganethanna Samurdhi Bank Society
Kegalle,Mawanella,Baminiwaththa Samurdhi Bank Society
Kegalle,Mawanella,Hemmathagama Samurdhi Bank Society
Kegalle,Rambukkana,Hiriwadunna Samurdhi Bank Society
Kegalle,Rambukkana,Daliwa Samurdhi Bank Society
Kegalle,Rambukkana,Abukkana Samurdhi Bank Society
Kegalle,Rambukkana,Wahawa Samurdhi Bank Society
Kegalle,Rambukkana,Kadigamuwa Samurdhi Bank Society	
Kegalle,Rambukkana,Pinnawala Samurdhi Bank Society
Kegalle,Ruwanwella,Galapitamada Samurdhi Bank Society
Kegalle,Ruwanwella,Amithirigala Samurdhi Bank Society
Kegalle,Ruwanwella,Karawana Samurdhi Bank Society
Kegalle,Warakapola,Weragala Samurdhi Bank Society
Kegalle,Warakapola,Dadigama Samurdhi Bank Society
Kegalle,Warakapola,Waddeniya Samurdhi Bank Society	
Kegalle,Warakapola,Algama Samurdhi Bank Society
Kegalle,Warakapola,Dorawaka Samurdhi Bank Society
Kegalle,Warakapola,Warakapola Samurdhi Bank Society	
Kegalle,Yatiyanthota,Yatiyanthota Samurdhi Bank Society	
Kegalle,Yatiyanthota,Kithulgala Samurdhi Bank Society	
Kurunegala,Alawwa,Waduwawa Samurdhi Bank Society
Kurunegala,Alawwa,Walikaraya Samurdhi Bank Society
Kurunegala,Alawwa,Alawwa Samurdhi Bank Society
Kurunegala,Alawwa,Thubulla Samurdhi Bank Society
Kurunegala,Alawwa,Boyawana Samurdhi Bank Society
Kurunegala,Ambanpola,Abanpola Samurdhi Bank Society
Kurunegala,Ambanpola,Borawawa Samurdhi Bank Society
Kurunegala,Bingiriya,Bingiriya Samurdhi Bank Society
Kurunegala,Bingiriya,Weerapokuna Samurdhi Bank Society
Kurunegala,Bingiriya,Kudakalawa Samurdhi Bank Society
Kurunegala,Bingiriya,Tharana Samurdhi Bank Society
Kurunegala,Galgamuwa,Mahananneriya Samurdhi Bank Society
Kurunegala,Galgamuwa,Palukandawa Samurdhi Bank Society	
Kurunegala,Galgamuwa,Galgamuwa Samurdhi Bank Society	
Kurunegala,Galgamuwa,Mahagalgamuwa Samurdhi Bank Society
Kurunegala,Galgamuwa,Siyabalangamuwa Samurdhi Bank Society
Kurunegala,Ibbagamuwa,Diyathure Samurdhi Bank Society
Kurunegala,Ibbagamuwa,Malsiripura Samurdhi Bank Society
Kurunegala,Ibbagamuwa,Gokarella Samurdhi Bank Society
Kurunegala,Ibbagamuwa,Ibbagamuwa Samurdhi Bank Society
Kurunegala,Ibbagamuwa,Kandulawa Samurdhi Bank Society
Kurunegala,Kobeigane,Kobeigane Samurdhi Bank Society
Kurunegala,Kobeigane,Walaswawa Samurdhi Bank Society
Kurunegala,Kobeigane,Boraluwawa Samurdhi Bank Society
Kurunegala,Kotavehera,Diwllapitiya Samurdhi Bank Society	
Kurunegala,Kotavehera,Kotawehera Samurdhi Bank Society
Kurunegala,Kotavehera,Giriulla Samurdhi Bank Society
Kurunegala,Kuliyapitiya East,Horombawa Samurdhi Bank Society
Kurunegala,Kuliyapitiya East,Wakkunuwela Samurdhi Bank Society	
Kurunegala,Kuliyapitiya East,Popipitiya Samurdhi Bank Society
Kurunegala,Kuliyapitiya West,Wawalama Samurdhi Bank Society
Kurunegala,Kuliyapitiya West,Dandagamuwa Samurdhi Bank Society
Kurunegala,Kuliyapitiya West,Meegahakotuwa Samurdhi Bank Society
Kurunegala,Kuliyapitiya West,Kithalawa Samurdhi Bank Society
Kurunegala,Kurunegala,Borawawa Samurdhi Bank Society
Kurunegala,Kurunegala,Gatatuwana Samurdhi Bank Society
Kurunegala,Kurunegala,Boyagane Samurdhi Bank Society
Kurunegala,Kurunegala,Nagaraya Ku/G Samurdhi Bank Society
Kurunegala,Mallawapitiya,Maddegama Samurdhi Bank Society
Kurunegala,Mallawapitiya,Mallawapitiya Samurdhi Bank Society
Kurunegala,Mallawapitiya,Kahatapitiya Samurdhi Bank Society
Kurunegala,Mawathagama,Wa Uda Samurdhi Bank Society
Kurunegala,Mawathagama,Watarake Samurdhi Bank Society
Kurunegala,Mawathagama,Mawathagama Samurdhi Bank Society
Kurunegala,Mawathagama,Peelassa Samurdhi Bank Society
Kurunegala,Mawathagama,Hindagolla Samurdhi Bank Society
Kurunegala,Narammala,Athuruwela Samurdhi Bank Society
Kurunegala,Narammala,Dabadeniya Samurdhi Bank Society
Kurunegala,Narammala,Nakalagamuwa Samurdhi Bank Society
Kurunegala,Narammala,Dabadirigama Samurdhi Bank Society
Kurunegala,Nikaweratiya,Nikawaratiya Samurdhi Bank Society
Kurunegala,Nikaweratiya,Hawanpallassa Samurdhi Bank Society
Kurunegala,Nikaweratiya,Inakolagama Samurdhi Bank Society	
Kurunegala,Panduwasnuwara,Girithalana Samurdhi Bank Society
Kurunegala,Panduwasnuwara,Girithalana 2 Samurdhi Bank Society	
Kurunegala,Panduwasnuwara,Thissawa Samurdhi Bank Society
Kurunegala,Panduwasnuwara,U. Yatikaha Samurdhi Bank Society
Kurunegala,Panduwasnuwara,Karadapaththuwa Samurdhi Bank Society
Kurunegala,Polgahawela,Polgahawela Samurdhi Bank Society	
Kurunegala,Polgahawela,Hodalla Samurdhi Bank Society
Kurunegala,Polgahawela,Rathmalgoda Samurdhi Bank Society
Kurunegala,Polgahawela,Hiripanwella Samurdhi Bank Society
Kurunegala,Polgahawela,Denagamuwa Samurdhi Bank Society	
Kurunegala,Polgahawela,Pothuhara Samurdhi Bank Society
Kurunegala,Rideegama,Dodamgaslanda Samurdhi Bank Society
Kurunegala,Rideegama,Meegodapola Samurdhi Bank Society	
Kurunegala,Rideegama,Rambodagalla Samurdhi Bank Society
Kurunegala,Rideegama,Karandagolla Samurdhi Bank Society	
Kurunegala,Rideegama,Delvita Samurdhi Bank Society
Kurunegala,Rideegama,Kalamulla Samurdhi Bank Society
Kurunegala,Rideegama,Gonadeniya Samurdhi Bank Society
Kurunegala,Rideegama,Kanadeniyawala Samurdhi Bank Society
Kurunegala,Udubaddawa,Bibiladeniya Samurdhi Bank Society	
Kurunegala,Udubaddawa,Udubaddawa Samurdhi Bank Society	
Kurunegala,Udubaddawa,Dummalasuriya Samurdhi Bank Society
Kurunegala,Wariyapola,Wariyapola Samurdhi Bank Society
Kurunegala,Wariyapola,Wawagedara Samurdhi Bank Society
Kurunegala,Wariyapola,Awlegama Samurdhi Bank Society
Kurunegala,Wariyapola,Minuwangate Samurdhi Bank Society	
Matale,Ambanganga Korale,Pussalla Samurdhi Bank Society
Matale,Ambanganga Korale,Gurubawila Samurdhi Bank Society
Matale,Dambulla,Pannampitiya Samurdhi Bank Society	
Matale,Dambulla,Kandalama Samurdhi Bank Society
Matale,Dambulla,Dambulla Samurdhi Bank Society
Matale,Dambulla,Segiriya Samurdhi Bank Society
Matale,Laggala-Pallegama,Udasiya Samurdhi Bank Society
Matale,Laggala-Pallegama,Kanduganga Samurdhi Bank Society
Matale,Laggala-Pallegama,Samurdhi Bank Society
Matale,Matale,Padiwita Samurdhi Bank Society
Matale,Matale,Biridiwela Samurdhi Bank Society
Matale,Matale,Madawala Samurdhi Bank Society
Matale,Matale,Palapathwala Samurdhi Bank Society
Matale,Naula,Naula Samurdhi Bank Society
Matale,Naula,Abana Samurdhi Bank Society
Matale,Naula,Nalanda Samurdhi Bank Society
Matale,Naula,Kongahawela Samurdhi Bank Society	
Matale,Pallepola,Pallepola Samurdhi Bank Society
Matale,Pallepola,Millawana Samurdhi Bank Society
Matale,Pallepola,Aluthgama Samurdhi Bank Society
Matale,Rattota,Bandarapola Samurdhi Bank Society
Matale,Rattota,Kuruwava Samurdhi Bank Society
Matale,Rattota,Palleweragama Samurdhi Bank Society
Matale,Rattota,Weralugasthanna Samurdhi Bank Society
Matale,Ukuwela,Alkaduwa Samurdhi Bank Society
Matale,Ukuwela,Raithalawela Samurdhi Bank Society	
Matale,Ukuwela,Ukuwela Samurdhi Bank Society
Matale,Ukuwela,Owilikanda Samurdhi Bank Society
Matale,Ukuwela,Alwala Samurdhi Bank Society
Matale,Wilgamuwa,Maraka Samurdhi Bank Society
Matale,Wilgamuwa,Handungamuwa Samurdhi Bank Society
Matale,Wilgamuwa,Nugagolla Samurdhi Bank Society	
Matale,Yatawatta,Salagama Samurdhi Bank Society
Matale,Yatawatta,Mahawela Samurdhi Bank Society
Matale,Yatawatta,Abanpola Samurdhi Bank Society
Matale,Yatawatta,Malawela Samurdhi Bank Society
Matara,Akuressa,Akuressa Samurdhi Bank Society
Matara,Akuressa,Poramba Samurdhi Bank Society
Matara,Akuressa,Katanwila Samurdhi Bank Society
Matara,Athuraliya,Porathota Samurdhi Bank Society
Matara,Athuraliya,Walpita Samurdhi Bank Society
Matara,Devinuwara,Devinuwara Samurdhi Bank Society
Matara,Devinuwara,Thalalla Samurdhi Bank Society
Matara,Devinuwara,Aparekka Samurdhi Bank Society
Matara,Dickwella,Polgahamulla Samurdhi Bank Society 	
Matara,Dickwella,Dandeniya Samurdhi Bank Society
Matara,Dickwella,Urugamuwa Samurdhi Bank Society	
Matara,Dickwella,Waurukannala Samurdhi Bank Society
Matara,Hakmana,Denagama Samurdhi Bank Society
Matara,Hakmana,Gammadapitiya Samurdhi Bank Society
Matara,Hakmana,Beruwewela Samurdhi Bank Society
Matara,Kamburupitiya,Kamburupitiya Samurdhi Bank Society
Matara,Kamburupitiya,Karandeniya Samurdhi Bank Society
Matara,Kamburupitiya,Karagoda Samurdhi Bank Society
Matara,Kirinda Puhulwella,Hettiyawala Samurdhi Bank Society
Matara,Kirinda Puhulwella,Kirinda Samurdhi Bank Society
Matara,Kotapola,Pallegama Samurdhi Bank Society
Matara,Kotapola,Deniyaya Samurdhi Bank Society
Matara,Kotapola,Kotapola Samurdhi Bank Society
Matara,Malimbada,Thelijjawila Samurdhi Bank Society
Matara,Malimbada,Malimbada Samurdhi Bank Society
Matara,Matara Four Gravets,Godagama Samurdhi Bank Society
Matara,Matara Four Gravets,Matara Samurdhi Bank Society
Matara,Matara Four Gravets,Kakanadura Samurdhi Bank Society	
Matara,Matara Four Gravets,Makawita Samurdhi Bank Society
Matara,Matara Four Gravets,Walgama Samurdhi Bank Society
Matara,Mulatiyana,Mulatiyana Samurdhi Bank Society
Matara,Mulatiyana,Ransagoda Samurdhi Bank Society	
Matara,Mulatiyana,Deiyandara Samurdhi Bank Society
Matara,Mulatiyana,Radawela Samurdhi Bank Society
Matara,Pasgoda,Pasgoda Samurdhi Bank Society	
Matara,Pasgoda,Urubokka Samurdhi Bank Society
Matara,Pasgoda,Beralapanathara Samurdhi Bank Society
Matara,Pitabeddara,Pitabaddara Samurdhi Bank Society
Matara,Pitabeddara,Waliwa Samurdhi Bank Society	
Matara,Pitabeddara,Alapaladeniya Samurdhi Bank Society
Matara,Thihagoda,Nadugala Samurdhi Bank Society
Matara,Thihagoda,Thihagoda Samurdhi Bank Society
Matara,Thihagoda,Yatiyana Samurdhi Bank Society
Matara,Weligama,Midigama Samurdhi Bank Society
Matara,Weligama,Weligama Samurdhi Bank Society
Matara,Weligama,Polwathumodara Samurdhi Bank Society
Matara,Weligama,Kamburugamuwa Samurdhi Bank Society
Matara,Welipitiya,Kananke Samurdhi Bank Society
Matara,Welipitiya,Jayawikumpura Samurdhi Bank Society
Matara,Welipitiya,Boreraliya Samurdhi Bank Society
Moneragala,Bibile,Lindakumbura Samurdhi Bank Society
Moneragala,Bibile,Kotagama Samurdhi Bank Society
Moneragala,Bibile,Dodamgolla Samurdhi Bank Society
Moneragala,Buttala,Udugama Samurdhi Bank Society
Moneragala,Buttala,Buththala Samurdhi Bank Society
Moneragala,Katharagama,Katharagama Samurdhi Bank Society
Moneragala,Madulla,Obbegoda Samurdhi Bank Society
Moneragala,Madulla,Makulla Samurdhi Bank Society
Moneragala,Madulla,Mariarawa Samurdhi Bank Society
Moneragala,Medagama,Madagama Samurdhi Bank Society
Moneragala,Medagama,Senpathigama Samurdhi Bank Society
Moneragala,Medagama,Nannapurawa Samurdhi Bank Society
Moneragala,Moneragala,Monaragala East Samurdhi bank Society
Moneragala,Moneragala,Monaragala West Samurdhi bank Society
Moneragala,Sevanagala,Sevanagala Samurdhi Bank Society
Moneragala,Siyambalanduwa,Siyabalanduwa Samurdhi Bank Society
Moneragala,Siyambalanduwa,Dobagahawela Samurdhi Bank Society
Moneragala,Siyambalanduwa,Buddama Samurdhi Bank Society
Moneragala,Siyambalanduwa,Athimale Samurdhi Bank Society
Moneragala,Thanamalvila,Thanamalwila Samurdhi Bank Society
Moneragala,Thanamalvila,Hambegamuwa Samurdhi Bank Society
Moneragala,Wellawaya,Wellawaya Samurdhi Bank Society
Moneragala,Wellawaya,Thelulla Samurdhi Bank Society
Nuwara Eliya,Ambagamuwa,Polpitiya Samurdhi Bank Society
Nuwara Eliya,Ambagamuwa,Widulipura Samurdhi Bank Society
Nuwara Eliya,Ambagamuwa,Ginigathhena Samurdhi Bank Society
Nuwara Eliya,Ambagamuwa,Hatan Samurdhi Bank Society
Nuwara Eliya,Ambagamuwa,Norwood Samurdhi Bank Society
Nuwara Eliya,Hanguranketha,Dehipe Samurdhi Bank Society 
Nuwara Eliya,Hanguranketha,Makuruppa Samurdhi Bank Society
Nuwara Eliya,Hanguranketha,Karaliyadda Samurdhi Bank Society
Nuwara Eliya,Hanguranketha,Madanwala Samurdhi Bank Society
Nuwara Eliya,Hanguranketha,Bulugahapitiya Samurdhi Bank Society
Nuwara Eliya,Hanguranketha,Pallebowala Samurdhi Bank Society
Nuwara Eliya,Hanguranketha,Mathurata Samurdhi Bank Society
Nuwara Eliya,Hanguranketha,Mandaram Nuwara Samurdhi Bank Society
Nuwara Eliya,Hanguranketha,Udawaththa Samurdhi Bank Society
Nuwara Eliya,Hanguranketha,Hanguranketha Samurdhi Bank Society
Nuwara Eliya,Kothmale,Pallepane Samurdhi Bank Society
Nuwara Eliya,Kothmale,Madapane Samurdhi Bank Society
Nuwara Eliya,Kothmale,Thispane Samurdhi Bank Society
Nuwara Eliya,Kothmale,Rojasangama Samurdhi Bank Society	
Nuwara Eliya,Kothmale,Udapane Samurdhi Bank Society
Nuwara Eliya,Kothmale,Ramboda Samurdhi Bank Society
Nuwara Eliya,Kothmale,Helboda Samurdhi Bank Society
Nuwara Eliya,Nuwara Eliya,Nuwara Eliya Samurdhi Bank Society
Nuwara Eliya,Nuwara Eliya,Kandapola Samurdhi Bank Society
Nuwara Eliya,Nuwara Eliya,Bangalahatha Samurdhi Bank Society
Nuwara Eliya,Nuwara Eliya,Lindula Samurdhi Bank Society
Nuwara Eliya,Nuwara Eliya,Thalawakale Samurdhi Bank Society
Nuwara Eliya,Walapane,Padiyapalalla Samurdhi Bank Society
Nuwara Eliya,Walapane,Munwaththa Samurdhi Bank Society
Nuwara Eliya,Walapane,Wathumulla Samurdhi Bank Society
Nuwara Eliya,Walapane,Kalaganwaththa Samurdhi Bank Society
Nuwara Eliya,Walapane,Thereepaha Samurdhi Bank Society
Nuwara Eliya,Walapane,Madulla Samurdhi Bank Society
Nuwara Eliya,Walapane,Rupaha Samurdhi Bank Society
Nuwara Eliya,Walapane,Ragala Samurdhi Bank Society
Polonnaruwa,Dimbulagala,Dibulagala Samurdhi Bank Society	
Polonnaruwa,Dimbulagala,Weheragala Samurdhi Bank Society	
Polonnaruwa,Dimbulagala,Wijayabapura Samurdhi Bank Society
Polonnaruwa,Dimbulagala,Nuwaragala Samurdhi Bank Society	
Polonnaruwa,Dimbulagala,Siripura Samurdhi Bank Society
Polonnaruwa,Dimbulagala,Hingurakkoda Samurdhi Bank Society	
Polonnaruwa,Dimbulagala,Minneriya Samurdhi Bank Society	
Polonnaruwa,Dimbulagala,Girithale Samurdhi Bank Society
Polonnaruwa,Dimbulagala,Jayanthipura Samurdhi Bank Society	
Polonnaruwa,Elahera,Alahara Samurdhi Bank Society
Polonnaruwa,Elahera,Aththanakadawala Samurdhi Bank Society
Polonnaruwa,Lankapura,Galamuma Samurdhi Bank Society
Polonnaruwa,Lankapura,Pulasthigama Samurdhi Bank Society
Polonnaruwa,Medirigiriya,Mandalagiriya Samurdhi Bank Society	
Polonnaruwa,Medirigiriya,Diyasenpura Samurdhi Bank Society	
Polonnaruwa,Medirigiriya,Diulankadawala Samurdhi Bank Society
Polonnaruwa,Thamankaduwa,Parakrama Samudraya Samurdhi Bank Society
Polonnaruwa,Thamankaduwa,Kaduruwela Samurdhi Bank Society
Polonnaruwa,Thamankaduwa,Sewagama Samurdhi Bank Society
Polonnaruwa,Thamankaduwa,Badiwawa Samurdhi Bank Society
Polonnaruwa,Welikanda,Walikanda Samurdhi Bank Society
Polonnaruwa,Welikanda,Sewanapitiya Samurdhi Bank Society	
Puttalam,Anamaduwa,Anamaduwa Samurdhi Bank Society
Puttalam,Anamaduwa,Kottukachchiya Samurdhi Bank Society
Puttalam,Anamaduwa,Mahauswava Samurdhi Bank Society
Puttalam,Arachchikattuwa,Diganwawa Samurdhi Bank Society	
Puttalam,Arachchikattuwa,Baththuluoya Samurdhi Bank Society
Puttalam,Arachchikattuwa,Arachchikattuwa Samurdhi Bank Society
Puttalam,Chilaw,Konnawila Samurdhi Bank Society
Puttalam,Chilaw,Munneshwaram Samurdhi Bank Society
Puttalam,Chilaw,Ithigodawelasa Samurdhi Bank Society
Puttalam,Chilaw,Weralabada Samurdhi Bank Society
Puttalam,Dankotuwa,Dankotuwa Samurdhi Bank Society
Puttalam,Dankotuwa,Mallawa Samurdhi Bank Society
Puttalam,Dankotuwa,Kirimatiyana Samurdhi Bank Society
Puttalam,Dankotuwa,Yogiyana Samurdhi Bank Society	
Puttalam,Kalpitiya,Kalpitiya Samurdhi Bank Society
Puttalam,Kalpitiya,Eththala Samurdhi Bank Society
Puttalam,Kalpitiya,Narakkalliya Samurdhi Bank Society
Puttalam,Karuwalagaswewa,Saliyawawa Samurdhi Bank Society
Puttalam,Karuwalagaswewa,Karuwalagaswawa Samurdhi Bank Society
Puttalam,Madampe,Madagama Samurdhi Bank Society
Puttalam,Madampe,Galmuruwa Samurdhi Bank Society
Puttalam,Madampe,Ihalagama Samurdhi Bank Society	
Puttalam,Madampe,Thabagalla Samurdhi Bank Society
Puttalam,Mahawewa,Marawila Samurdhi Bank Society
Puttalam,Mahawewa,Mahawawa Samurdhi Bank Society
Puttalam,Mahawewa,Mattakotuwerala Samurdhi Bank Society
Puttalam,Mahawewa,Hawana Samurdhi Bank Society
Puttalam,Mundalama,Mundalama Samurdhi Bank Society	
Puttalam,Mundalama,Mangalaeliya Samurdhi Bank Society	
Puttalam,Mundalama,Madurankuliya Samurdhi Bank Society
Puttalam,Nattandiya,Katuneriya Samurdhi Bank Society
Puttalam,Nattandiya,Naththandiya Samurdhi Bank Society	
Puttalam,Nattandiya,Narawila Samurdhi Bank Society
Puttalam,Nattandiya,Mawila Samurdhi Bank Society
Puttalam,Nawagattegama,Kirimatiyawa Samurdhi Bank Society
Puttalam,Nawagattegama,Welewawa Samurdhi Bank Society	
Puttalam,Pallama,Pallama Samurdhi Bank Society
Puttalam,Pallama,Kamarakkulama Samurdhi Bank Society
Puttalam,Puttalam,Puththalama Samurdhi Bank Society
Puttalam,Puttalam,Pawiya Samurdhi Bank Society
Puttalam,Vanathavilluwa,Wanathawilluwa Samurdhi Bank Society
Puttalam,Vanathavilluwa,Smilepuram Samurdhi Bank Society
Puttalam,Wennappuwa,Nainamadama Samurdhi Bank Society
Puttalam,Wennappuwa,Waikkala Samurdhi Bank Society
Puttalam,Wennappuwa,Boralessa Samurdhi Bank Society
Puttalam,Wennappuwa,Wennappuwa Samurdhi Bank Society	
Ratnapura,Ayagama,Ayagama Samurdhi Bank Society
Ratnapura,Ayagama,Galathura Samurdhi Bank Society
Ratnapura,Balangoda,Balangoda Samurdhi Bank Society
Ratnapura,Balangoda,Bulathgama Samurdhi Bank Society
Ratnapura,Balangoda,Depalamulla Samurdhi Bank Society
Ratnapura,Balangoda,Kalthota Samurdhi Bank Society
Ratnapura,Eheliyagoda,Ahaliyagoda Samurdhi Bank Society
Ratnapura,Eheliyagoda,Karadana Samurdhi Bank Society
Ratnapura,Eheliyagoda,Gatahaththa Samurdhi Bank Society	
Ratnapura,Elapatha,Alapatha Samurdhi Bank Society
Ratnapura,Elapatha,Radella Samurdhi Bank Society
Ratnapura,Embilipitiya,Thunkama Samurdhi Bank Society	
Ratnapura,Embilipitiya,Panamura Samurdhi Bank Society
Ratnapura,Embilipitiya,Yodagama Samurdhi Bank Society
Ratnapura,Embilipitiya,Walawa Samurdhi Bank Society
Ratnapura,Godakawela,Godakawela Samurdhi Bank Society
Ratnapura,Godakawela,Rakwana Samurdhi Bank Society
Ratnapura,Godakawela,Madampe Samurdhi Bank Society
Ratnapura,Imbulpe,Pallewela Samurdhi Bank Society
Ratnapura,Imbulpe,Pabahinna Samurdhi Bank Society	
Ratnapura,Imbulpe,Morahala Samurdhi Bank Society
Ratnapura,Imbulpe,Rathmalawinna Samurdhi Bank Society
Ratnapura,Kahawatta,Kahawaththa Samurdhi Bank Society	
Ratnapura,Kahawatta,Andana Samurdhi Bank Society
Ratnapura,Kalawana,Kalawana Samurdhi Bank Society
Ratnapura,Kalawana,Pothupitiya Samurdhi Bank Society
Ratnapura,Kiriella,Kirialla Samurdhi Bank Society
Ratnapura,Kiriella,Ellawala Samurdhi Bank Society
Ratnapura,Kolonna,Kolonna Samurdhi Bank Society
Ratnapura,Kolonna,Kalla Samurdhi Bank Society
Ratnapura,Kuruvita,Kuruwita Samurdhi Bank Society
Ratnapura,Kuruvita,Namaldeniya Samurdhi Bank Society	
Ratnapura,Kuruvita,Delgamuwa Samurdhi Bank Society
Ratnapura,Nivithigala,Karawita 	Samurdhi Bank Society
Ratnapura,Nivithigala,Doloswala Samurdhi Bank Society
Ratnapura,Opanayaka,Opanayake Samurdhi Bank Society
Ratnapura,Opanayaka,Udawela Samurdhi Bank Society
Ratnapura,Pelmadulla,Palmadulla Samurdhi Bank Society
Ratnapura,Pelmadulla,Lellopitiya Samurdhi Bank Society
Ratnapura,Pelmadulla,Panawanna Samurdhi Bank Society
Ratnapura,Ratnapura,Weralupa Samurdhi Bank Society	
Ratnapura,Ratnapura,Godigamuwa Samurdhi Bank Society
Ratnapura,Ratnapura,Palabaddala Samurdhi Bank Society	
Ratnapura,Ratnapura,Babarabotuwa Samurdhi Bank Society
Ratnapura,Weligepola,Waligepola Samurdhi Bank Society
Ratnapura,Weligepola,Pussathota Samurdhi Bank Society
Trincomalee,Gomarankadawala,Gomarankadawala Samurdhi Bank Society
Trincomalee,Kantalai,Kantalai City Samurdhi Bank Society
Trincomalee,Kantalai,Bathiyagama Samurdhi Bank Society
Trincomalee,Morawewa,Morawewa Samurdhi Bank Society
Trincomalee,Padavi Sri Pura,A.Ko. Samurdhi Bank Society
Trincomalee,Seruvila,Seruvila Samurdhi bank Society
Trincomalee,Trincomalee Town and Gravets,Arunagiri Samurdhi Bank Society
Trincomalee,Trincomalee Town and Gravets,Jinnanagar Samurdhi Bank Society
Trincomalee,Trincomalee Town and Gravets,Sinhapura Samurdhi Bank Society
Vavuniya,Vavuniya,Sinnapudukulam Samurdhi Bank Society
Vavuniya,Vavuniya,Weppamkulam Samurdhi Bank Society
Vavuniya,Vavuniya South,Periyaulukkulama Samurdhi Bank Society
Vavuniya,Vavuniya South,Mamaduwa Samurdhi Bank Society
Vavuniya,Vengalacheddikulam,Settikulam Samurdhi Bank Society
Vavuniya,Vengalacheddikulam,Pawattikulam Samurdhi Bank Society
